<?xml version="1.0" encoding="utf-8"?>
<!DOCTYPE hibernate-mapping PUBLIC "-//Hibernate/Hibernate Mapping DTD 3.0//EN"
"http://hibernate.sourceforge.net/hibernate-mapping-3.0.dtd">
<!-- 
    Mapping file autogenerated by MyEclipse Persistence Tools
-->
<hibernate-mapping>
    <class name="com.model.TCatelog" table="t_catelog">
        <id name="catelogId" type="java.lang.Integer">
            <column name="catelog_id" />
            <generator class="increment" />
        </id>
        <property name="catelogName" type="java.lang.String">
            <column name="catelog_name" length="50" />
        </property>
        <property name="catelogDel" type="java.lang.String">
            <column name="catelog_del" length="50" />
        </property>
    </class>
</hibernate-mapping>
