<?xml version="1.0" encoding="utf-8"?>
<!DOCTYPE hibernate-mapping PUBLIC "-//Hibernate/Hibernate Mapping DTD 3.0//EN"
"http://hibernate.sourceforge.net/hibernate-mapping-3.0.dtd">
<!-- 
    Mapping file autogenerated by MyEclipse Persistence Tools
-->
<hibernate-mapping>
    <class name="com.model.THuifu" table="t_huifu">
        <id name="id" type="java.lang.Integer">
            <column name="id" />
            <generator class="increment" />
        </id>
        <property name="title" type="java.lang.String">
            <column name="title" length="50" />
        </property>
        <property name="content" type="java.lang.String">
            <column name="content" length="5000" />
        </property>
        <property name="shijian" type="java.lang.String">
            <column name="shijian" length="50" />
        </property>
        
        
        
        <property name="stuId" type="java.lang.Integer">
            <column name="stu_id" />
        </property>
        <property name="zhutiId" type="java.lang.Integer">
            <column name="zhuti_id" />
        </property>
    </class>
</hibernate-mapping>
