<?xml version="1.0" encoding="utf-8"?>
<!DOCTYPE hibernate-mapping PUBLIC "-//Hibernate/Hibernate Mapping DTD 3.0//EN"
"http://hibernate.sourceforge.net/hibernate-mapping-3.0.dtd">
<!-- 
    Mapping file autogenerated by MyEclipse Persistence Tools
-->
<hibernate-mapping>
    <class name="com.model.TJiaoyuan" table="t_jiaoyuan">
        <id name="jiaojuanId" type="java.lang.Integer">
            <column name="jiaojuan_id" />
            <generator class="increment" />
        </id>
        <property name="stuId" type="java.lang.Integer">
            <column name="stu_id" />
        </property>
        <property name="shitiId" type="java.lang.Integer">
            <column name="shiti_id" />
        </property>
        <property name="timuId" type="java.lang.Integer">
            <column name="timu_id" />
        </property>
        <property name="timuDaan" type="java.lang.String">
            <column name="timu_daan" length="50" />
        </property>
    </class>
</hibernate-mapping>
