<?xml version="1.0" encoding="utf-8"?>
<!DOCTYPE hibernate-mapping PUBLIC "-//Hibernate/Hibernate Mapping DTD 3.0//EN"
"http://hibernate.sourceforge.net/hibernate-mapping-3.0.dtd">
<!-- 
    Mapping file autogenerated by MyEclipse Persistence Tools
-->
<hibernate-mapping>
    <class name="com.model.TTea" table="t_tea">
        <id name="teaId" type="java.lang.Integer">
            <column name="tea_id" />
            <generator class="increment" />
        </id>
        <property name="teaBianhao" type="java.lang.String">
            <column name="tea_bianhao" length="50" />
        </property>
        <property name="teaRealname" type="java.lang.String">
            <column name="tea_realname" length="50" />
        </property>
        <property name="teaSex" type="java.lang.String">
            <column name="tea_sex" length="50" />
        </property>
        
        
        <property name="teaAge" type="java.lang.String">
            <column name="tea_age" length="50" />
        </property>
        <property name="loginPw" type="java.lang.String">
            <column name="login_pw" length="50" />
        </property>
        <property name="del" type="java.lang.String">
            <column name="del" length="50" />
        </property>
    </class>
</hibernate-mapping>
