<?xml version="1.0" encoding="utf-8"?>
<!DOCTYPE hibernate-mapping PUBLIC "-//Hibernate/Hibernate Mapping DTD 3.0//EN"
"http://hibernate.sourceforge.net/hibernate-mapping-3.0.dtd">
<!-- 
    Mapping file autogenerated by MyEclipse Persistence Tools
-->
<hibernate-mapping>
    <class name="com.model.TTimu" table="t_timu">
        <id name="timuId" type="java.lang.Integer">
            <column name="timu_id" />
            <generator class="increment" />
        </id>
        <property name="timuName" type="java.lang.String">
            <column name="timu_name" length="500" />
        </property>
        <property name="timuXuanxianga" type="java.lang.String">
            <column name="timu_xuanxianga" length="500" />
        </property>
        <property name="timuXuanxiangb" type="java.lang.String">
            <column name="timu_xuanxiangb" length="500" />
        </property>
        
        
        
        
        
        <property name="timuXuanxiangc" type="java.lang.String">
            <column name="timu_xuanxiangc" length="500" />
        </property>
        <property name="timuXuanxiangd" type="java.lang.String">
            <column name="timu_xuanxiangd" length="500" />
        </property>
        <property name="timuDaan" type="java.lang.String">
            <column name="timu_daan" length="500" />
        </property>
        <property name="timuFenshu" type="java.lang.Integer">
            <column name="timu_fenshu" />
        </property>
        
        
        
        
        <property name="timuLeixing" type="java.lang.String">
            <column name="timu_leixing" length="500" />
        </property>
        <property name="del" type="java.lang.String">
            <column name="del" length="50" />
        </property>
    </class>
</hibernate-mapping>
