<?xml version="1.0" encoding="utf-8"?>
<!DOCTYPE hibernate-mapping PUBLIC "-//Hibernate/Hibernate Mapping DTD 3.0//EN"
"http://hibernate.sourceforge.net/hibernate-mapping-3.0.dtd">
<!-- 
    Mapping file autogenerated by MyEclipse Persistence Tools
-->
<hibernate-mapping>
    <class name="com.model.TZhuti" table="t_zhuti">
        <id name="id" type="java.lang.Integer">
            <column name="id" />
            <generator class="increment" />
        </id>
        <property name="title" type="java.lang.String">
            <column name="title" length="500" />
        </property>
        <property name="content" type="java.lang.String">
            <column name="content" length="5000" />
        </property>
        <property name="fujian" type="java.lang.String">
            <column name="fujian" length="50" />
        </property>
        
        
        <property name="fujianYuanshiming" type="java.lang.String">
            <column name="fujianYuanshiming" length="50" />
        </property>
        <property name="shijian" type="java.lang.String">
            <column name="shijian" length="50" />
        </property>
        <property name="stuId" type="java.lang.Integer">
            <column name="stu_id" />
        </property>
        <property name="catelogId" type="java.lang.Integer">
            <column name="catelog_id" not-null="true" />
        </property>
        
        
        <property name="shifouding" type="java.lang.String">
            <column name="shifouding" length="50" />
        </property>
        <property name="shifoujing" type="java.lang.String">
            <column name="shifoujing" length="50" />
        </property>
    </class>
</hibernate-mapping>
