<?xml version="1.0" encoding="utf-8"?>
<!DOCTYPE hibernate-mapping PUBLIC "-//Hibernate/Hibernate Mapping DTD 3.0//EN"
"http://hibernate.sourceforge.net/hibernate-mapping-3.0.dtd">
<!-- 
    Mapping file autogenerated by MyEclipse Persistence Tools
-->
<hibernate-mapping>
    <class name="com.model.TZuoyet" table="t_zuoyet">
        <id name="id" type="java.lang.Integer">
            <column name="id" />
            <generator class="increment" />
        </id>
        <property name="mingcheng" type="java.lang.String">
            <column name="mingcheng" length="11" />
        </property>
        <property name="fujian" type="java.lang.String">
            <column name="fujian" length="50" />
        </property>
        <property name="beizhu" type="java.lang.String">
            <column name="beizhu" />
        </property>
        
        <property name="fabushi" type="java.lang.String">
            <column name="fabushi" length="50" />
        </property>
        <property name="teaId" type="java.lang.Integer">
            <column name="tea_id" />
        </property>
    </class>
</hibernate-mapping>
