<?xml version="1.0" encoding="utf-8"?>
<!DOCTYPE hibernate-mapping PUBLIC "-//Hibernate/Hibernate Mapping DTD 3.0//EN"
"http://hibernate.sourceforge.net/hibernate-mapping-3.0.dtd">
<!-- 
    Mapping file autogenerated by MyEclipse Persistence Tools
-->
<hibernate-mapping>
    <class name="com.model.TZuoyes" table="t_zuoyes">
        <id name="id" type="java.lang.Integer">
            <column name="id" />
            <generator class="increment" />
        </id>
        <property name="mingcheng" type="java.lang.String">
            <column name="mingcheng" length="50" />
        </property>
        <property name="fujian" type="java.lang.String">
            <column name="fujian" length="50" />
        </property>
        <property name="tijiaoshi" type="java.lang.String">
            <column name="tijiaoshi" length="50" />
        </property>
        
        
        <property name="stuId" type="java.lang.Integer">
            <column name="stuId" />
        </property>
        <property name="zuoyetId" type="java.lang.Integer">
            <column name="zuoyetId" />
        </property>
        <property name="fenshu" type="java.lang.Integer">
            <column name="fenshu" />
        </property>
        <property name="huifu" type="java.lang.String">
            <column name="huifu" />
        </property>
    </class>
</hibernate-mapping>
